Label,# Samples,Average,Min,Max,Std. Dev.,Error %,Throughput,Received KB/sec,Sent KB/sec,Avg. Bytes
Reporte Individual,700,32887,2804,44661,6864.54,63.571%,4.96056,9971.48,1.04,2058393.7
TOTAL,700,32887,2804,44661,6864.54,63.571%,4.96056,9971.48,1.04,2058393.7
