Label,# Samples,Average,Min,Max,Std. Dev.,Error %,Throughput,Received KB/sec,Sent KB/sec,Avg. Bytes
Reporte Individual,700,32614,3817,44240,7042.15,61.857%,4.98671,10495.64,1.05,2155234.4
TOTAL,700,32614,3817,44240,7042.15,61.857%,4.98671,10495.64,1.05,2155234.4
