Label,# Samples,Average,Min,Max,Std. Dev.,Error %,Throughput,Received KB/sec,Sent KB/sec,Avg. Bytes
Reporte Individual,100,19615,7509,27971,5211.44,0.000%,1.33156,7346.42,0.28,5649571.0
TOTAL,100,19615,7509,27971,5211.44,0.000%,1.33156,7346.42,0.28,5649571.0
