Label,# Samples,Average,Min,Max,Std. Dev.,Error %,Throughput,Received KB/sec,Sent KB/sec,Avg. Bytes
Reporte Individual,300,29371,2371,41155,8685.12,37.000%,2.25142,7825.95,0.47,3559425.1
TOTAL,300,29371,2371,41155,8685.12,37.000%,2.25142,7825.95,0.47,3559425.1
