Label,# Samples,Average,Min,Max,Std. Dev.,Error %,Throughput,Received KB/sec,Sent KB/sec,Avg. Bytes
Reporte Individual,1000,49962,2844,81390,16661.24,68.400%,5.67927,9903.37,1.19,1785625.6
TOTAL,1000,49962,2844,81390,16661.24,68.400%,5.67927,9903.37,1.19,1785625.6
