Label,# Samples,Average,Min,Max,Std. Dev.,Error %,Throughput,Received KB/sec,Sent KB/sec,Avg. Bytes
Reporte Individual,100,12511,2170,20918,5057.13,0.000%,1.45964,8053.07,0.31,5649571.0
TOTAL,100,12511,2170,20918,5057.13,0.000%,1.45964,8053.07,0.31,5649571.0
