Label,# Samples,Average,Min,Max,Std. Dev.,Error %,Throughput,Received KB/sec,Sent KB/sec,Avg. Bytes
Reporte Individual,100,30594,5808,50224,10909.30,6.000%,1.11028,5758.11,0.23,5310628.4
TOTAL,100,30594,5808,50224,10909.30,6.000%,1.11028,5758.11,0.23,5310628.4
