Label,# Samples,Average,Min,Max,Std. Dev.,Error %,Throughput,Received KB/sec,Sent KB/sec,Avg. Bytes
Reporte Individual,300,29602,3146,42559,8660.60,36.333%,2.14088,7520.45,0.45,3597085.4
TOTAL,300,29602,3146,42559,8660.60,36.333%,2.14088,7520.45,0.45,3597085.4
