Label,# Samples,Average,Min,Max,Std. Dev.,Error %,Throughput,Received KB/sec,Sent KB/sec,Avg. Bytes
Reporte Individual,300,34525,3103,68594,10863.13,42.667%,2.13979,6768.98,0.45,3239312.7
TOTAL,300,34525,3103,68594,10863.13,42.667%,2.13979,6768.98,0.45,3239312.7
