Label,# Samples,Average,Min,Max,Std. Dev.,Error %,Throughput,Received KB/sec,Sent KB/sec,Avg. Bytes
Reporte Individual,300,36293,4280,71401,11070.45,47.667%,2.09718,6055.74,0.44,2956860.5
TOTAL,300,36293,4280,71401,11070.45,47.667%,2.09718,6055.74,0.44,2956860.5
