Label,# Samples,Average,Min,Max,Std. Dev.,Error %,Throughput,Received KB/sec,Sent KB/sec,Avg. Bytes
Reporte Individual,1000,52198,4361,83129,16836.69,76.100%,5.50100,7255.79,1.16,1350649.3
TOTAL,1000,52198,4361,83129,16836.69,76.100%,5.50100,7255.79,1.16,1350649.3
