Label,# Samples,Average,Min,Max,Std. Dev.,Error %,Throughput,Received KB/sec,Sent KB/sec,Avg. Bytes
Reporte Individual,700,33797,4962,55999,6445.09,71.571%,4.75127,7453.88,1.00,1606470.2
TOTAL,700,33797,4962,55999,6445.09,71.571%,4.75127,7453.88,1.00,1606470.2
