Label,# Samples,Average,Min,Max,Std. Dev.,Error %,Throughput,Received KB/sec,Sent KB/sec,Avg. Bytes
Reporte Individual,700,33961,8742,60652,9023.64,73.714%,4.92750,7147.85,1.04,1485419.3
TOTAL,700,33961,8742,60652,9023.64,73.714%,4.92750,7147.85,1.04,1485419.3
