Label,# Samples,Average,Min,Max,Std. Dev.,Error %,Throughput,Received KB/sec,Sent KB/sec,Avg. Bytes
Reporte Individual,100,30841,2496,49405,11130.41,0.000%,1.23022,6787.34,0.26,5649571.0
TOTAL,100,30841,2496,49405,11130.41,0.000%,1.23022,6787.34,0.26,5649571.0
