Label,# Samples,Average,Min,Max,Std. Dev.,Error %,Throughput,Received KB/sec,Sent KB/sec,Avg. Bytes
Reporte Individual,1000,32942,3255,68226,8324.33,82.600%,7.14812,6865.13,1.51,983461.5
TOTAL,1000,32942,3255,68226,8324.33,82.600%,7.14812,6865.13,1.51,983461.5
