Label,# Samples,Average,Min,Max,Std. Dev.,Error %,Throughput,Received KB/sec,Sent KB/sec,Avg. Bytes
Reporte Individual,100,16834,7356,27297,4804.78,0.000%,1.53504,8469.04,0.33,5649571.0
TOTAL,100,16834,7356,27297,4804.78,0.000%,1.53504,8469.04,0.33,5649571.0
