Label,# Samples,Average,Min,Max,Std. Dev.,Error %,Throughput,Received KB/sec,Sent KB/sec,Avg. Bytes
Reporte Individual,1000,33127,8563,61738,8166.26,82.900%,7.10071,6702.09,1.50,966514.4
TOTAL,1000,33127,8563,61738,8166.26,82.900%,7.10071,6702.09,1.50,966514.4
