Label,# Samples,Average,Min,Max,Std. Dev.,Error %,Throughput,Received KB/sec,Sent KB/sec,Avg. Bytes
Reporte Individual,100,11078,5951,17135,2304.38,0.000%,1.64293,9064.29,0.35,5649571.0
TOTAL,100,11078,5951,17135,2304.38,0.000%,1.64293,9064.29,0.35,5649571.0
