Label,# Samples,Average,Min,Max,Std. Dev.,Error %,Throughput,Received KB/sec,Sent KB/sec,Avg. Bytes
Reporte Individual,300,24126,2875,42179,9681.22,11.333%,2.26552,11082.78,0.48,5009346.1
TOTAL,300,24126,2875,42179,9681.22,11.333%,2.26552,11082.78,0.48,5009346.1
