Label,# Samples,Average,Min,Max,Std. Dev.,Error %,Throughput,Received KB/sec,Sent KB/sec,Avg. Bytes
Reporte Individual,700,32768,3489,48007,7377.21,56.714%,4.83643,11551.48,1.02,2445756.6
TOTAL,700,32768,3489,48007,7377.21,56.714%,4.83643,11551.48,1.02,2445756.6
