Label,# Samples,Average,Min,Max,Std. Dev.,Error %,Throughput,Received KB/sec,Sent KB/sec,Avg. Bytes
Reporte Individual,1000,31471,3638,49935,5598.97,78.100%,7.27770,8796.27,1.54,1237668.4
TOTAL,1000,31471,3638,49935,5598.97,78.100%,7.27770,8796.27,1.54,1237668.4
