Label,# Samples,Average,Min,Max,Std. Dev.,Error %,Throughput,Received KB/sec,Sent KB/sec,Avg. Bytes
Reporte Individual,100,11284,1859,18370,4024.85,0.000%,1.59992,8827.03,0.34,5649571.0
TOTAL,100,11284,1859,18370,4024.85,0.000%,1.59992,8827.03,0.34,5649571.0
