Label,# Samples,Average,Min,Max,Std. Dev.,Error %,Throughput,Received KB/sec,Sent KB/sec,Avg. Bytes
Reporte Individual,1000,31601,7663,50766,5514.87,77.800%,7.23233,8861.13,1.53,1254615.5
TOTAL,1000,31601,7663,50766,5514.87,77.800%,7.23233,8861.13,1.53,1254615.5
