Label,# Samples,Average,Min,Max,Std. Dev.,Error %,Throughput,Received KB/sec,Sent KB/sec,Avg. Bytes
Reporte Individual,300,31588,1946,51936,12145.52,22.333%,2.19398,9401.43,0.46,4387951.4
TOTAL,300,31588,1946,51936,12145.52,22.333%,2.19398,9401.43,0.46,4387951.4
