Label,# Samples,Average,Min,Max,Std. Dev.,Error %,Throughput,Received KB/sec,Sent KB/sec,Avg. Bytes
Reporte Individual,300,30564,2347,45130,10245.01,26.333%,2.21595,9006.61,0.47,4161989.7
TOTAL,300,30564,2347,45130,10245.01,26.333%,2.21595,9006.61,0.47,4161989.7
