Label,# Samples,Average,Min,Max,Std. Dev.,Error %,Throughput,Received KB/sec,Sent KB/sec,Avg. Bytes
Reporte Individual,700,33401,1910,57660,8557.45,66.143%,4.95638,9259.98,1.05,1913132.6
TOTAL,700,33401,1910,57660,8557.45,66.143%,4.95638,9259.98,1.05,1913132.6
