Label,# Samples,Average,Min,Max,Std. Dev.,Error %,Throughput,Received KB/sec,Sent KB/sec,Avg. Bytes
Reporte Individual,300,25854,2186,45634,10121.77,17.333%,2.24886,10256.91,0.47,4670403.5
TOTAL,300,25854,2186,45634,10121.77,17.333%,2.24886,10256.91,0.47,4670403.5
