Label,# Samples,Average,Min,Max,Std. Dev.,Error %,Throughput,Received KB/sec,Sent KB/sec,Avg. Bytes
Reporte Individual,300,24646,1674,36966,10293.70,14.000%,2.26727,10757.79,0.48,4858705.0
TOTAL,300,24646,1674,36966,10293.70,14.000%,2.26727,10757.79,0.48,4858705.0
